{"metadata":{"asset_id":"3fd8afa9-5c40-47c4-8482-92485f38d268","asset_attributes":["data_asset"],"name":"without1.zip","asset_type":"data_asset","created_at":"2020-10-11T10:05:31Z","description":"","origin_country":"us","owner_id":"IBMid-5500091JDD","project_id":"d0ac1a6d-bf42-45df-858e-a07fe6ef878b","size":92569,"tags":[],"usage":{"last_update_time":1602410732745,"last_updated_at":"2020-10-11T10:05:32Z"}},"entity":{"data_asset":{"mime_type":"application/x-zip-compressed","dataset":false}},"attachments":[{"id":"f5319542-2d33-4869-b169-7e59f4d8f393","version":2,"asset_type":"data_asset","name":"without1.zip","mime":"application/x-zip-compressed","datasource_type":"193a97c1-4475-4a19-b90c-295c4fdc6517","object_key":"without1.zip","creator_id":"IBMid-5500091JDD","create_time":1602410732745,"size":92569,"is_remote":false,"is_managed":false,"is_referenced":true,"is_object_key_read_only":true,"is_user_provided_path_key":true,"transfer_complete":true,"is_partitioned":false,"complete_time_ticks":1602410732745,"user_data":{},"test_doc":0,"handle":{"bucket":"trackemployee-donotdelete-pr-gqtledjxiherdu","location":"us-geo","key":"without1.zip","upload_id":"done","max_part_num":1},"usage":{"access_count":0,"last_accessor_id":"IBMid-5500091JDD","last_access_time":1602410732745}}]}
