{"metadata":{"asset_id":"ac3b74b7-edf6-4f35-b06f-0272da9a01c1","asset_attributes":["data_asset"],"name":"withh.zip","asset_type":"data_asset","created_at":"2020-10-11T10:05:20Z","description":"","origin_country":"us","owner_id":"IBMid-5500091JDD","project_id":"d0ac1a6d-bf42-45df-858e-a07fe6ef878b","size":89951,"tags":[],"usage":{"last_update_time":1602410722889,"last_updated_at":"2020-10-11T10:05:22Z"}},"entity":{"data_asset":{"mime_type":"application/x-zip-compressed","dataset":false}},"attachments":[{"id":"df3afcbb-b166-463e-a8f3-933f310ff4bf","version":2,"asset_type":"data_asset","name":"withh.zip","mime":"application/x-zip-compressed","datasource_type":"193a97c1-4475-4a19-b90c-295c4fdc6517","object_key":"withh.zip","creator_id":"IBMid-5500091JDD","create_time":1602410722889,"size":89951,"is_remote":false,"is_managed":false,"is_referenced":true,"is_object_key_read_only":true,"is_user_provided_path_key":true,"transfer_complete":true,"is_partitioned":false,"complete_time_ticks":1602410722889,"user_data":{},"test_doc":0,"handle":{"bucket":"trackemployee-donotdelete-pr-gqtledjxiherdu","location":"us-geo","key":"withh.zip","upload_id":"done","max_part_num":1},"usage":{"access_count":0,"last_accessor_id":"IBMid-5500091JDD","last_access_time":1602410722889}}]}
